keyword,frequency
レイヤード,1344
ハマ,1340
ダウン,1316
スマート,1310
トップファッションコーディネート,1308
サングラス,1303
ビームス,1298
ベーシック,1296
ベルト,1288
セットアップ,1287
セレクト,1273
サンダル,1273
ジーンズ,1264
パンプス,1261
イメージ,1253
トップ,1252
カーディガン,1247
ベージュコーデ,1222
メリハリ,1217
ミニマル,1202
ダウンジャケット,1195
ロン,1184
ヒント,1179
ニューバランス,1175
アップデート,1161
バングル,1147
マンネリ,1147
イエロー,1139
ピンク,1133
ザ・ノース・フェイス,1126
シューズ,1123
ナイキ,1122
カテゴリ,1107
デイリー,1106
アラサー,1102
ショック,1100
レザーシューズ,1099
カットソー,1098
ウェア・コーデ,1096
バックパック・リュック,1096
バッグ・ファッション,1096
アウトドア・キャンプグッズ,1096
スニーカー・シューズ,1096
カナダグース,1096
ナンガ,1096
ニュース・トピックス,1096
ビューティ・ヘルス,1096
インテリア・,1096
チャンピオン,1077
ブーツ,1067
ウォッチ,1066
リアル,1063
スペック,1062
モノトーン,1061
リュック,1059
ルーツ,1058
キレイ,1055
ブラック,1048
レトロ,1046
ニューノーマル,1046
カルチャー,1044
ライター,1042
ビジネス,1039
マウンテンパーカー,1038
フリース,1038
アップ,1036
ヴァンズ,1033
サンローラン,1032
スタイルアップ,1028
イヤリング,1027
コレクション,1024
ヴァンズジャパン,1020
セイコーダイバーズウオッチ,1018
セイコーウオッチ,1018
ダイバーズ,1018
セイコー,1018
セイコーダイバーズ,1018
ポール・スミス,1017
リング,1016
デンストン,1014
キルティングジャケット,1014
ラベンハム,1014
デンハム,1014
メンテナンス,1009
ボトムス,1003
パタゴニア,1000
アクセスランキング,997
イケア,997
アイテムランキング,997
ボトム,995
リラックス,989
ディテール,982
マッチ,980
モノ,977
ブランドバッ,975
ストール,975
スーツ,962
ルミネ,951
フェミニン,947
カーデ,946
フィット,940
カーキ,936
マフラー,934
オススメ,916
ウエスト,913
ルックス,902
テクニック,899
ワイドパンツ,898
ベスト,882
リュックブランド,880
ネックレス,879
リラクシー,879
デニムパンツ,873
ロゴ,871
ワードローブ,866
ハンサム,850
ヘルシー,849
ヒール,844
コンバース,837
クリーン,827
キープ,826
ハズ,823
スポーティ,818
メンズアイテム,813
アウトドア,807
ヴィンテージ,799
アーバンリサーチ,797
クール,797
サトシ,797
チェスターコート,788
アウトドアブランド,779
マストハブ,776
ショールーム,775
コラボ,772
ヘア・メーク,770
ロング,762
カスタマーサービス,762
スカーフ,761
セット,759
ジャパン,758
カラバリ,749
コレ,743
レクチャー,741
カッコ,740
コーデサンプル,735
イン,734
ワントーン,733
レディース,720
ビジネスマン,717
タイトスカート,717
アクティブ,716
ベース,715
ラインアップ,711
シャープ,711
チョイス,707
ホワイト,706
ピンクワンピ,704
ニュアンスカラーデニム,704
オフィス,702
タイト,701
テイスト,698
フォルム,698
アヤノ,697
モチヅキ,697
アレンジ,690
ボーダー,689
トレンチコート,687
インナーダウン,687
トーン,687
メンズリュック,684
ツヤ,681
テク,676
ルミネエスト,676
カジュアルダウン,666
グッ,662
モダン,657
ボタン,654
レコメンド,650
カバー,640
ソックス,639
シリーズ,637
メンズファッション,636
グリーン,634
ダイアナ,631
メガネ,628
タイツ,624
ウェア,621
パーカー,617
コンパクト,616
オーバーサイズ,615
カジュアルスタイル,614
ナノ・ユニバース,613
フレアスカート,612
ハイウエスト,608
レディ,608
タウンユース,605
ワントーンコーデ,605
キャセリーニ,604
キャップ,603
オンライン,602
ミニ,597
ニュアンス,587
クラシック・レトロ,587
シンプルコーデ,584
サンプル,581
プロフィール,580
テーマ,572
ビジネスシーン,571
シルバー,571
マフラーブランド,568
ヘビロテ,565
スキニー,563
エレガント,560
マッキントッシュ,556
メリット,553
ナチュラル,547
リスト,546
ジャスパー,545
ショートブーツ,543
ストリート,542
メンズライク,541
ブルゾン,537
ロングスカート,536
エディター,526
プリーツスカート,524
ローファー,522
コットン,521
レース,521
トラッド,515
ネック,514
アンカー,511
カレン,510
アリ,509
デサントオルテライン,509
シールド,509
ウェア・コーデダウンジャケット,508
マツミ,508
ダウンナノ・ユニバース,508
ウェア・コーデスーツ,508
ダンケルド,508
マスク,506
スリット,503
ポケット,498
アクセサリー,496
シフト,495
ヘアメーク,494
リッチ,493
ゲット,493
ハイブランド,491
フィーチャー,490
ネット,487
ニュアンスカラー,485
ドット,482
トライ,481
スタート,480
スパイス,478
オフ,478
トレンドコーデ,476
レディースコーデ,472
デミルクス,471
プレスルーム,471
リズム,471
モノトーンコーデ,464
デニムコーデ,459
スタンダード,459
キレ,459
クラシカル,458
クラシック,458
コーデコーディネート,456
モチーフ,451
レギンス,449
サマ,445
ユナイテッドアローズ,444
ルール,444
リンク,444
オン,443
インスタ,442
オンラインストア,441
ストレッチ,440
カット,439
トレンチ,436
ハリ,436
レイヤー,436
バイ,436
セレブ,435
アパレル,434
ショート,431
トートバッグ,430
コンバースインフォメーションセンター,427
キマ,427
ウエストマーク,426
マスト,425
シワ,425
アビステ,423
ブレスレット,423
ストラップ,422
オーロラ,421
フレア,420
メタルモデル,420
アーバンリサーチオンラインストア,418
バルトロライトジャケット,415
ストライプ,413
ニットワンピ,410
レポート,410
シートマスク,409
サザビーリーグ,409
スポーツ,407
メンズウェア,406
アネモネ,405
コントラスト,405
ビジネスバッグ,403
パリ,403
リネン,402
コンサバ,401
スウェットシャツ,400
オレンジ,399
インパクト,399
リップ,399
バサッ,398
レコメンドアイテム,398
パターン,397
リブ,397
トウキョウ,394
フィルム,393
ロングカーディガン,391
ドラコス,388
メゾン,386
ジュエリー,386
コラボモデル,385
カラーリング,385
メーカー,384
ハット,383
メンズコーデ,379
ミックス,379
イベント,378
パープル,377
イエナ,377
マニア,377
ファッショニスタ,376
パーカ,376
タンクトップ,375
オン・オフ,374
メイン,374
ゲストリスト,369
ショップ,368
マルイ,367
ヘアメイク,367
ジャケパン,365
サイド,365
ゴールド,363
プリント,362
アメカジ,361
カラフル,361
アピール,361
マニッシュ,360
プリーツ,359
プレーン,358
サンポークリエイト,357
ベーシックカラー,356
スッキリ,353
タートルニット,352
ビル,349
リボン,348
スタメン,347
フラットシューズ,346
リリース,344
ペリーコ,342
グラデーション,340
ショートパンツ,340
ココ,339
ドライ,337
マット,337
アメリカ,336
バナナ・リパブリック,333
ライダース,333
ブラウンニット,330
アイヴァン,329
キャメル,328
ゴリ,328
シャツワンピ,326
シャツワンピース,326
ドレスコード,324
アマン,323
バリエーション,323
ザラ,321
ドラマティック,321
キャミソール,320
セレクトショップ,319
ルームウェア,318
バロックジャパンリミテッド,318
セリーヌ,315
セール,314
セオリー,314
ロペ,311
パッ,311
リサ,310
フル,309
ラインナップ,308
フロント,307
バック,307
ワンツーコーデ,306
ページ,305
スカートコーデ,300
タフ,298
メーク,297
ソール,297
デビュー,297
コンビ,295
フラッパーズ,294
アジア,294
ソフト,293
ストレスフリー,292
イイネ,291
クリア,291
ウール,290
リブニット,289
ナイロン,288
ビッグシルエット,288
ハイテクスニーカー,288
ウケ,287
ファン,286
フランス,286
ザラ・ジャパン,285
タートル,284
バレエシューズ,283
スキニーパンツ,283
フレッシュ,283
オフホワイト,282
クオリティ,282
インテリア,279
イケ,277
ショッピング,277
スタイリスト・,277
ワイド,276
オールインワン,276
ゴム,275
フード,272
キャッチー,272
ノーカラー,272
シャツコーデ,272
カラーアイテム,271
ココシュニック,271
ニーズ,269
フォーマル,269
アンド,268
セッション,267
スニーカーブランド,267
ケース,266
カラーパンツ,265
フォロワー,265
ブラッシュアップ,265
フラット,264
ダサ,263
ニットワンピース,263
ロングセラーモデル,261
テーラードジャケット,261
ショルダーバッグ,261
ラク,260
スウェットパンツ,259
スエード,259
チラ,259
ヒートテック,258
ジャン,256
レオパード,256
ルスコーニ,256
ヒルズ,255
トピック,255
チノパン,254
ガーリー,253
ファビオ,253
キッチン,253
オブ,253
カフェ,253
ポーチ,251
キャスケット,251
ルコックスポルティフ,250
キッズ,250
デイヴィス,250
ロンドン,250
エストネーション,248
スラックス,248
オールブラック,247
ネクタイ,247
ジャケットスタイル,247
メレル,246
エッセンス,246
フォーカス,246
ジャングルモック,246
トゥミ,246
ピッタリ,246
パンツコーデ,244
トレンドカラー,244
レイヤードスタイル,243
ック,242
コンセプト,242
ジャーナル,242
テンション,241
ルーニィ,241
ノースリーブ,240
ライダースジャケット,239
アダストリア,239
グレースウェット,238
タートルネック,238
パール,238
ボーイッシュ,237
アースカラー,237
トレンドアイテム,236
クセ,235
ミディ,235
インスタグラム,235
マスクコード,234
チェンジ,233
パジャマ,233
メンズライクコーデ,232
メンズコート,232
パイソン,232
ルーズ,232
ボディ,232
デニムジャケット,232
エッジ,231
ダークカラー,231
ジャンル,231
ライトグレー,230
デザイナー,229
ニトリ,229
ギャップ,229
デコルテ,229
ハイネック,228
グレンチェック,228
スポット,226
サラッ,226
ロングブーツ,226
サテン,225
ボディメイク,225
スナップ,225
サニタリーショーツ,224
カギ,224
ベレー,224
ミリタリー,224
ステッチ,224
リラクシング,223
ヘリーハンセン,223
マチ,222
リア,222
ノーカラージャケット,221
ホールド,221
ミニバッグ,220
イタリア,220
ミニスカート,220
クリスマス,216
オッジェンヌ,216
テレビ,215
ダークトーン,215
ポリエステル,213
メッシュ,213
ランチ,212
リゾート,212
ニューヨーク,212
ダブルスタンダードクロージング,212
ブログ,211
トート,211
ブラ,211
オーダー,210
シアー,210
スリム,209
ファー,209
コーデュロイ,208
ラインシルエット,208
ストライプシャツ,208
キリッ,208
パンツスタイル,208
ビーズクッション,206
ヨギボー,206
フリル,206
ストイック,205
スキニーデニム,205
アディダス,205
バレンシアガ,204
ロールアップ,204
タック,204
ブーム,202
パトロール,202
ジャック・オブ・オール・トレーズ,202
シルク,202
クォーツ,201
ラベンダー,200
ガゼット,200
ジャケットコーデ,200
トップファッションコーディネートユニクロコーデ,200
センタープレス,198
アダム,198
コントロールフリーク,198
マディソンブルー,198
ドクターマーチン,198
エナソルーナ,198
ベージュジャケット,197
クルーネック,197
タロン,196
クッション,195
ンツ,195
アルアバイル,195
プライス,194
コー,194
パステル,193
カスタマーセンター,193
バッチリ,193
アッパー,193
ウィム,192
クロップド,192
ビビッド,192
ストレート,191
グランドセイコー,191
ノーブル,190
ユニクロメンズ,190
オデット,189
ニットコーデ,189
ジュエルチェンジズ,189
デニムスタイル,189
シュッ,188
ナイロンコート,187
ストア,187
テント,187
ハード,186
ダッドスニーカー,185
ベルシュカ,184
チーム,183
ジム,183
セクシー,183
ロンハーマン,183
キュッ,182
オー,182
エディフィス,181
アイコン,181
ピリッ,181
アカウント,181
オディール,181
ノーリーズ,180
グレーパンツ,180
ユース,178
コード,178
ルームウエア,178
ニットスカート,177
エイトン,177
ヒップ,177
ドレス,177
ドレッシー,177
フォロー,177
アカ,176
ボーダートップス,176
ユニーク,176
リンクコーデ,176
アニマル,175
マーチン,175
ソーラー,174
ドーム,174
スニーカーコーデ,174
オールシーズン,174
ビジュー,173
プラージュ,172
ネイビージャケット,172
テーパードパンツ,170
パイオニア,170
アス,170
ブルーデニム,169
プルオーバー,169
ボーダーカットソー,169
パーツ,169
フラッグシップ,169
レイバン,169
オールブラックコーデ,169
ルームシューズ,168
アフタヌーンティ,168
ビジネススタイル,168
オードリー,167
カミソリ,167
アシンメトリー,167
アイウェア,167
スタイリンク,167
コメント,167
カラーバリエーション,167
ファッションライター,167
ゴアテックス,166
パパ,166
シングル,166
ハイランド,166
ノータイ,166
グッドマン,166
アルティーダ,165
フレアシルエット,165
ヨーロッパ,165
タグ,165
ウード,165
レンズ,164
ドロップショルダー,164
ライトブルー,164
ロングコート,164
ネブローニ,163
ポーター,163
モデル・,163
ブリーフケース,163
スポーツバッグ,161
オーセンティック,160
センスオブプレイス,160
ャハ,160
ヴィンテージライク,160
テーパード,159
プライベート,159
ブレ,158
トレーナー,158
アナウンサー,158
オンキッチュ,158
ドキッ,158
パートナー,157
スウェード,157
ダブル,157
ギンガムチェック,157
カゴバッグ,156
コト,156
マキシ,156
ル・ベルニ,156
コラボアイテム,156
リーズナブル,155
レッド,155
ウェット,155
キャンバス,155
グレージュ,155
チャレンジ,154
リフト,154
レーススカート,154
チン,154
ギャレリア,153
ラント,152
クライアント,152
チェックパンツ,152
アウト,152
チュニック,152
キメ,152
ソブ,152
サイジング,152
ワイドパンツコーデ,151
ティファニー,151
ファッションコーデ,151
スコーン,151
キュート,151
ラグジュアリー,151
ベースカラー,151
カップル,150
パステルカラー,150
フリー,150
マンハッタンパッセージ,150
レギンスコーデ,150
ウェルオーガナイズドバックパック,150
ジオン,150
ボリューミー,150
シャトルデイパックスリム,150
ブラックコーデ,150
シャトルデイパック,150
コラボレーション,149
チョーカー,149
ミントグリーン,149
フィリップ,149
キュープラザ,148
ハイスペック,148
フリーアナウンサー,148
オンラインショップ,147
イラスト,147
グッズ,147
ワンランク,147
バリエ,147
レザージャケット,147
ワザ,146
ニットパンツ,146
ユー,146
ショーツ,146
ジェル,146
インスタグラマー,146
マストアイテム,146
レースブラウス,146
ラインワンピース,146
キャンプギア,145
グリーンレーベル,145
オーバーシルエット,145
ギャザー,145
オフィスコーデ,145
チノ,145
オールホワイト,145
スーツスタイル,145
ポップ,145
ダブルジャケット,145
ディオール,145
メタル,144
ファスナー,144
アプローチ,144
オンオフ,144
ガチ,143
ジップ,143
ベージュパンツ,142
トッピング,142
ストレス,142
レサージュ,142
ワクワク,142
アフター,142
オール,142
ミニマム,141
ワンピースコーデ,141
サーフ,141
ダーク,141
ワンポイント,140
ボルドー,140
クロップドパンツ,140
ワイドデニム,140
スクエア,140
シャネル,140
オニツカタイガー,139
チェーン,139
スポサン,139
ウインドブレーカー,139
ジャケパンスタイル,139
スタニングルアー,138
ファッションアイテム,138
スリッポン,138
リラックスコーデ,138
ルック,138
カッティング,138
レペット,138
ギフト,138
アンダーソン,138
ユナイテッド,137
ギャラリー,137
ライト,137
ファッションブランド,137
チェックシャツ,137
ショーパン,136
キーン,136
ウォータープルーフ,136
キャミ,136
パラレル,136
プリティ・バレリーナ,136
グレージャケット,135
パフスリーブ,135
シルバーアクセ,135
ファッションエディター,135
ブラックデニム,135
ハウス,134
コーテ,134
オフィスカジュアル,134
ハイライズ,134
ハウツー,133
ジーンズコーデ,133
ハッピー,133
プレーントゥ,133
チノパンコーデ,133
ローンシップ,133
ショルダー,133
スニーカー・シューズビジネス,132
インビジブル,132
ベージュパンツコーデ,132
ツー,132
ミラ,132
ナシ,132
グッチ,132
ベージュワイドパンツコーデ,132
ジューシーロック,132
ベロシティニット,132
スニーカー・シューズニューバランス,132
スローン,132
デヴィッドソン,132
パネルスニーカー,132
エルメス,131
シェイプ,131
レタス,131
サポート,130
ワン,130
ステンカラーコート,130
ジョガーパンツ,130
カスタム,130
インスピレーション,130
イチオシ,130
ダメージ,130
ベター,130
ヴァジックジャパン,129
ポストマンシューズ,129
クラス,129
マキシスカート,129
タートルネックニット,129
デニムパンツコーデ,128
ベルシュカ・ジャパン,128
ジャストサイズ,128
アガット,128
ネイビーパンツ,128
カタログ,128
ブランドリスト,128
ジェイ,128
アンバイ,128
カシオ,128
バーサンダル,128
シップス,127
レベル,127
パリジェンヌ,127
パジャマブランド,127
イギリス,127
ステータス,127
コロナ,127
ダッフルコート,127
ドレスアップ,127
シェア,127
スエードローファー,127
スタッズ,127
レストラン,127
ボディライン,126
アイスブルー,126
グッドガール,126
インフルエンサー,126
ユニセックス,126
ミュール,126
アウトドアファッション,126
コーディネ,126
ニム,126
ユキオ,125
ダークブラウン,125
ケア,125
キャミワンピ,125
スポーツモデル,125
シェーバー,125
レディライク,125
ソコ,124
グレーニット,124
キャッチ,123
カラーニット,123
ミント,123
バイカラー,122
マザー,122
ワンヒ,122
ポロシャツ,122
ジャランスリウァヤ,122
テラコッタ,122
フォト,122
コロン,122
アイデア,121
ディナー,121
ノーカラーコート,121
アッパーハイツ,121
ママ,121
ハーフパンツ,121
カラースカート,121
サークル,121
ボア,120
ランジェリー,120
ジェニック,120
ワンピスタイル,120
スタンドカラー,120
フーディ,120
バックパック,120
バツグン,120
ハイテク,120
トラディショナル,120
エージー,120
タイミング,120
ノンストレス,120
オーラ,119
アイコニック,119
カレンソロジー,119
アウトドアウェア,119
テーラード,119
ロマンティック,118
ハイカット,118
リサーチ,118
エスニック,118
ット,117
カルバン・クライン,117
フォー,117
ファーバッグ,116
ビジュアル,116
チャムス,116
オーウェン,116
メッセージ,116
シンプルスタイル,116
ワイドシルエット,116
カジュアルモード,116
ジャンニ,116
スタジオ,116
ヴァケーション,116
ダブリュー,116
ビッグサイズ,115
ニットカーディガン,115
コン,115
コーデュロイパンツ,115
フレンチシック,115
メタリック,115
ブーツコーデ,115
キモ,114
リーボック,114
ノーク,114
フリンジ,114
キャンプ,114
ドクターマーチン・エアウエア,114
ハイウエストパンツ,113
キャッチアップ,113
フレアパンツ,113
インディゴ,113
ワイルド,113
アイテ,113
アクセサリー・バッグ・,112
ビーミング,112
ブランイリス,112
ビジネスカジュアル,112
タイダイ,112
ストレートデニム,112
ニットアップ,111
リフレッシュ,111
エコレザー,111
ツボ,111
タンク,111
デキ,111
ボレ,111
セシル・エ・ジャンヌ,111
カイタックインターナショナル,111
シェービング,111
ウィメンズ,111
ポインテッドトゥ,110
ストレートシルエット,109
ブラウスコーデ,109
メンバー,109
ビューティー,109
ニュウマン,109
ニットセットアップ,109
オリバーピープルズ,109
アシスタント,109
テクノロジー,109
ベージュニット,109
ベロア,108
ナローフレア,108
コーディネートルール,108
ホテル,108
センスアップ,108
カラートップス,108
シャツ・カットソー,108
パリッ,107
ロングカーデ,107
バックスタイル,107
ビビッドカラー,107
アニエスベー,107
カップ,107
トレーニング,107
ピンクパンツ,107
アウトドアアイテム,107
グレーデニム,107
ブランドロゴ,106
サイドスリット,106
ウエストポーチ,106
アトリエ,106
カーキパンツ,106
マルチ,106
エース,105
スムーズ,105
ガンゾ,105
アメカジブランド,105
チャコールグレー,105
カシ,105
コンシャス,105
ベーシックアイテム,105
フェス,105
ショートブーツコーデ,105
ハルミ,105
ヒット,105
ナローフレアスカート,104
ケーキ,104
コーデコーディネートレギュラーモデル,104
ハート,104
インターナショナル,104
ジェントルマン,104
ストン,104
コーヒー,104
ジレ,103
ゴツ,103
ハンドル,103
プレッピースタイル,103
ュアル,103
ミモレ,103
フェミニンコーデ,103
ズル,103
オリジナルス,103
カラーコート,103
ャケット,103
スポーティー,103
ピンクニット,102
メンズボトムス,102
デートコーデ,102
サマンサタバサ,102
ポチ,102
アウトドアシーン,102
オトナ,102
ブティック,102
コチラ,102
ガウン,102
ジョガーパンツコーデ,102
ノット,101
テーパードシルエット,101
デニムシャツ,101
サンタ,101
スパン,101
スクエアトゥ,101
アルマーニ,101
ピンクコーデ,100
オールホワイトコーデ,100
ヴァンドーム,100
インスパイア,100
ハンドメイド,100
パーティー,100
ソーラーパネル,100
ルミノア,100
ハイク,100
ランニング,100
コンプレックス,100
リナトゥス,100
マニプリ,100
トラッドコーデ,100
カラーボトム,100
コインケース,100
マストバイ,99
プチプラマニア,99
トッフ,99
サプライ,99
ガリャルダガランテ,99
ヘリー,99
ハードル,99
モダンカラー,99
アーティスト,99
ロングスカートコーデ,99
ネックライン,98
ヘインズ,98
ハンサムコーデ,98
ボーダーニット,98
カジュアルアイテム,98
アディダスグループ,98
アトレ,98
ネオンカラー,98
ホームスペシャル,97
グレイッシュ,97
プリュ,97
ボディバッグ,97
スピリット,97
ビーサン,97
ディレクター,97
モノトーンスタイル,97
ザラジョ,96
カーゴパンツ,96
チェスター,96
タイトスカートコーデ,96
トップファッションアクセサリー・バッグ・,96
ネイビーコーデ,96
エメル,96
ビューティフルピープル,96
タッチ,96
グループ,96
アウトソール,96
アンサンブルニット,96
サイス,96
ザ・スーツカンパニー,95
ショルダーストラップ,95
ネイビーニット,95
ヤヌーク,95
ヒステリックグラマー,94
カスタマイズ,94
ネックカーディガン,94
ロングワンピース,94
アプリ,94
プレゼン,94
パッケージ,94
クラッチ,94
エミ,93
マイルド,93
シースルー,93
タイムレス,93
キャラ,93
ミューズ,93
ブレンド,92
パンプスコーデ,92
スゴ,92
トレント,92
シンフ,92
ヌーディ,92
クールフェミニン,92
ブラウス・チノパン・プリーツスカート,92
マックス,92
マニッシュコーデ,92
ライツ,92
ジャケット・カーディガン・スカート,92
フーディー,92
スピック,92
デニム・スカート・パンツ・ワンピース,92
ヒカリエ,91
マインド,91
スティックパンツ,91
ハイカットスニーカー,91
セーター,91
スイス,91
クローゼット,91
リモートワーク,91
コラボブーツ,91
ブランドバッグ,91
アソース,91
アート,91
ケーブル,91
チュール,91
メレ,91
ギャビー,90
ダークグレー,90
アンクル,90
オーバーシャツ,90
ザ・クロックハウス,90
パンチ,90
ピエール・エルメ,90
クリスマスケーキ,90
ジャージー,90
パキッ,89
キラキラ,89
キテ,89
フルラ,89
マイケル,89
カリフォルニア,89
レイヤードコーデ,89
ソウル,89
ピンクベージュ,89
タテ,89
ライフストア,89
ブラトップ,88
コンビネーション,88
チャーム,88
イマキイレカオリ,88
シューズコーデ,88
ピルグリム,88
カード,88
オフショル,88
ブルーシャツ,88
カーキスカートコーデ,88
ボックス,88
ベージュパンプスコーデ,88
スエット,88
メンズウケ,88
ンク,88
ジョルジオ,88
クラッチバッグ,88
チノパンツ,88
フレーム,87
ハイウエストデニム,87
ベージュシャツ,87
サコッシュ,87
マスター,87
マージョリー・ベア,86
セットアップコーデ,86
ボウタイブラウス,86
バッグ・,86
カオス,86
ドライブ,86
ワーク,86
コンハ,86
スクエアトゥブーツ,86
ガール,86
ラス,86
マイケル・コース,85
プラザ,85
ホワイトコーデ,85
イージー,85
ロッソ,85
ジャスト,85
スローブ,85
ドラマチック,85
ロングシャツ,85
ミリタリージャケット,85
イマイチ,85
モード・エ・ジャコモ,85
グレースカートコーデ,84
スプレー,84
ハンドバッグ,84
チェックジャケット,84
カスタマーサーヒ,84
ベージュスカートコーデ,84
ノジェス,84
タイツコーデ,84
グレーカーディガン,84
イギリス・ドクターマーチン,83
バスト,83
セーブ,83
ユニクロマニア,83
リー,83
ボディクリーム,83
ニットカーデ,83
バイト,83
ヘアスタイリング,83
スパイシー,83
シンパシー,83
パーティ,82
ジェマ,82
ミロード,82
ラメ,82
チャンス,82
デニムスカート,82
スラッ,82
イヤーカフ,82
チープ,82
グラデーションコーデ,82
パッド,82
ストラップサンダル,82
トモコ,82
カラーコーデ,81
ヨコ,81
チラッ,81
プロダクト,81
マスターピース,81
テーブル,80
ネイビーワンピース,80
リラックスムード,80
ウエストベルト,80
インディゴデニム,80
ハンドクリーム,80
スポーツブランド,80
エディター・ライター,80
イヤカフ,80
ネイビーワンピースコーデ,80
カシュクール,80
ダウンコート,80
ビーチ,80
ボアサンダル,80
コントロール,80
ワッフル,80
ニットスカートコーデ,80
イケメン,80
オーバー,80
コスパブランド,80
ベージュスカート,80
エッジィ,80
アウターブランド,80
ガラッ,79
レッドカード,79
ウエア,79
インク,79
カーキシャツ,79
プレス,79
モンブラン,79
ラップ,79
ブレス,79
シャツワンピコーデ,79
ロートレアモン,79
ナビゲート,78
ダニエラ,78
コーディネートアイテム,78
ント,78
プーマ,78
ミドル,78
グランフロント,78
ワケ,78
デニムブランド,78
ハイブリッジ,78
メンズヘア,77
オンワード,77
コストパフォーマンス,77
ツーブロック,77
グラデ,77
オフィススタイル,77
ルイ・ヴィトン,77
イマドキ,77
ペア,77
インソール,77
センター,77
ワンピコーデ,77
スペース,77
ボヘミアンファッション,76
バツグンスカート,76
リファインズ,76
マキシワンピコーデ,76
ムーブメント,76
グラフィック,76
ロコ,76
フリークス,76
カジュアルフレンチデート,76
アンクレイヴ,76
リーバイス,76
ボックスシルエット,76
トレンチコートコーデ,76
フォロープレゼント,76
ロングタイトスカート,76
アラサートレンド,76
ステップ,75
ヘインズブランズ,75
ニットベスト,75
スウェットセットアップ,75
フラップ,75
ビッグ,75
アスレジャー,75
カージュ,75
ノースリニット,75
チャーミング,75
ライム,75
ロングワンピ,75
ハワイ,75
リネンシャツ,75
ソファ,75
オーディベール,75
アイボリー,74
テーパードデニム,74
ダウンベスト,74
アストロン,74
カメラ,74
ブランドカタログ,74
ラベンダーカラー,74
ニオイ,74
ボサボサ,74
フリーランス,74
カブ,73
ハイセンス,73
ネイル,73
ブラウンコーデ,73
レースアップ,73
パイピング,73
ペイズリー,73
カーブ,73
カルネ,73
カーキコーデ,73
リュクス,73
オリーブ,73
スマートフォン,72
ミニスカ,72
グレーコーデ,72
ベージュワイドパンツ,72
ツイード,72
モデルオッジェンヌ,72
オンビジネス,72
パー,72
オ・ビジュー,72
ダイヤモンド,72
フレンチ,72
ロゼモン,72
ドキ,72
ラウンド,72
ポシェット,72
オレンジスカート,72
ランニングシューズ,72
グリーズ,72
ヘアバンド,71
チャンキーヒール,71
ソーシャルゲーム,71
レーストップス,71
トップスコーデ,71
デニム・スタジャン・インディアンジュエリー,71
ヴィンテージモノ,71
ジャックロード,71
アパレルブランド,71
サックスブルー,71
バックル,71
アフロ,71
ブランドガイド,71
キアリーニ,71
マリン,71
スライド,71
グン,71
アイビールック,71
ランス,70
スナップボタン,70
アイキャッチ,70
レポ,70
パテック,70
スポーツウェア,70
ケーブルニット,70
ダイバーズウォッチ,70
サッ,70
ロングジャケット,70
ネックニット,70
アクネ,70
エレガンス,70
ストリートスタイル,70
ノーチラス,70
スナイデル,70
イヤ,70
インデックス,70
イイ,70
ユニフォーム,69
オーデマ,69
ノースリーブニット,69
ドゥ,69
バスケット,69
ピゲ,69
コーチ,69
ワンマイル,69
マークシティ,69
サンホ,69
ハイネックニット,69
アメカジスタイル,69
リニューアル,69
デスクワーク,69
オタ,69
フィルムカメラ,69
コレクト,69
ロイヤルオーク,69
エクリュ,69
ベージュコート,69
ハイブリッド,69
ジャージ,69
ジョンストンズ,68
キルティング,68
シルバーパンプス,68
ムートンコート,68
マルジェラ,68
バックシャン,68
ボワネ,68
ミントカラー,68
ツヤスカート,68
レーヨン,68
ジョー,68
ラピュイ,68
リバーシブル,68
グリップ,68
ザンケッティ,68
タックイン,68
ボストンバッグ,68
ジュンカスタマーセンター,67
ジェームス,67
トゥ,67
ネイビーワイドパンツ,67
ルシェルブルー,67
エコバッグ,67
アーカイブ,67
ペールトーン,67
タイ,67
ダンスサークル,67
スマートカジュアル,67
トリオンフ,67
シューレース,67
インターショシュール,67
トラッドスタイル,67
ヘアアレンジ,67
フェイス,67
コクーンシルエット,67
タックパンツ,67
エアリズム,67
ワックス,66
オーソドックス,66
ユーザー,66
アクアガール,66
スリーブ,66
ベルトマーク,66
アメリカンイーグル,66
インスタブランド,66
ブレイク,66
ラップワンピ,66
ジャーナルスタンダード,66
エコファー,66
ドイツ,66
フォトジェニック,66
コーティング,66
ウエストゴム,66
ロック,66
ストゥディオズ,66
サスペンダー,66
レリューム,66
チェーンバッグ,66
フラッグス,66
ユニクロニット,66
スケジュール,66
マローン,66
ボートネック,65
ブルガリ,65
キャラクター,65
ビッグシルエットブーム,65
ネットブランド,65
ウォッシュ,65
ドレープ,65
シャリ,65
ロペピクニック,65
カラダ,65
ドライヤー,65
イヤリンク,65
トラブル,65
ブラウンスカート,65
タカシマヤ,65
ワンサイズ,65
プールサイド,65
オーラリー,65
シルバーリング,64
カインズ,64
ラブリ,64
グレーワイドパンツ,64
スクエアバッグ,64
ガス,64
サイバーモーメント,64
ネイビーシャツ,64
スカートスタイル,64
アツ,64
モコモコ,64
マユコ,64
シャツジャケット,64
シュエット,64
オールドセリーヌ,64
ドレスレイブ,64
サックスブルーコーデ,64
スポーツテイスト,64
ベゼル,64
ジャンパースカート,64
フレームワーク,64
ロエベ,64
シチュエーション,64
リアルリコメンド,64
オードトワレ,63
ピンヒール,63
エリア,63
スリッパ,63
カッター,63
チェックストール,63
マイスターシュテュック,63
ビューティーファイブ,63
ジーナシス,63
フラワープリント,63
チクチク,63
タフネス,63
エッセン,63
オケージョン,63
チェックスカート,63
ニットタイトスカート,63
ンリミテット,63
プロダクション,63
スタンバイ,63
ポッド,63
ツル,63
サッシュベルト,62
レースアップシューズ,62
サンク,62
ピッチ,62
オフショルニット,62
オールスター,62
トレーニングシューズ,62
ダークグリーン,62
テラス,62
オールインワンコーデ,62
アクセントカラー,62
テレメディア,62
インターリブ,62
クォーツムーブメント,62
リリーブラウン,62
キツ,62
ボアコート,62
ファッションシーン,62
サテンスカート,61
アウターコーデ,61
マンダリン,61
アンティーク,61
ヒールパンプス,61
ソバージュ,61
カリッ,61
ディ,61
ロクシタン,61
ダイソン,61
ヴァーベナ,61
カチューシャ,61
サクラ,61
ルックスオティカジャパン,61
カリーノ,61
ストラディバリウス・ジャパン,61
コローニア,61
アイロン,61
ウールコート,61
ミニサイズ,61
ソワール,61
カシミア,61
プールオム,61
ベージュカラー,61
スーパーソニック,61
バジル,61
ボディローション,61
ヘイリー・ビーバー,61
オーガニックコットン,61
イベント・,60
グレースコンチネンタル,60
フランク,60
ウィメンズストア,60
フリークスストア,60
フレアスカートコーデ,60
ハウント,60
ヴェルメイユ,60
カラーミックス,60
タイトシルエット,60
クラフトマンシップ,60
ストリートコーデ,60
コレド,60
シンプルデザイン,60
カーキスカート,60
フリーライター,59
アスレジャースタイル,59
ステンレス,59
ビヨンドザリーフ,59
フープピアス,59
マリハ,59
ガウチョ,59
キャミワンピース,59
ショップスタッフ,59
ミニワンピース,59
デートスタイル,59
レギンスパンツ,59
インスタグラマ,59
マスタードイエロー,59
スポーツサンダル,58
プチプラブランド,58
キュン,58
スイッチ,58
センタープレスパンツ,58
スウォッチ,58
カシミヤ,58
ラペル,58
ブラウンベース,58
ドレステリア,58
ゲスト,58
ミリタリーテイスト,58
ガウンコート,58
サロン,58
オイル,58
ノウハウ,58
ガシガシ,58
ポロ,58
レイ,57
モテコーデ,57
カットオフデニム,57
ブルーグリーン,57
ヌケ,57
チェックポイント,57
エリオポール,57
サーフィン,57
フラットサンダル,57
ラテ,57
ファブリック,57
ベック・ペッティーナ,57
ベージュニットコーデ,57
コーポレーション,57
ニムハ,57
マージ,57
メカ,57
ディレクション,57
モート,57
ボウルズ,56
ワイドデニムパンツ,56
ジェラートピケ,56
グレーワンピース,56
ブラウンワンピース,56
シネマティック・シンプル,56
ボリューミィ,56
ピンクパンプス,56
スーパーベーシック,56
アンサンブル,56
カラージャケット,56
ブレザー・グレージャケット,56
ジェイアール,56
チェリーブラウン,56
ベージュトップス,56
イレーヴ,56
センシュアル,55
ボーナス,55
ステート,55
クリアサンダル,55
ドラマ,55
マリコ,55
スゴイ,55
カスタマーサポート,55
フロントポケット,55
マンネリコーデ,55
ディール,55
フレアデニム,55
ナオ,55
オイカワ,55
クリスチャン,55
ドキドキ,55
ランダム,55
ボリュームフレアスカート,55
ベージュトレンチ,55
ラフォーレ,55
シューズブランド,55
リブパンツ,54
ロッシ,54
ロデスコ,54
イージーパンツ,54
サロペット,54
ピーチジョン,54
マルティニーク,54
ビスチェ,54
ススメ,54
メリハリコーデ,54
サステナブル,54
デミリー,54
ラップスカート,54
ローカット,54
トレンドアウター,54
ブラウンジャケット,54
カセット,54
プラステ,54
シャイニー,54
カチッ,54
ベストバランス,54
サマーニット,54
メンズサイズ,54
テラコッタカラー,54
ロックシ,54
アイランド,53
ニコル,53
ユナイテッドトウキョウ,53
ジネス,53
コバ,53
ワイン,53
セットアップスタイル,53
モカ,53
コンバースインフォメーションセンタ,53
スリーフォータイム,53
テレワーク,53
ノート,53
ワシントン,53
コンフォート,53
ノーカラーシャツ,53
パーフェクト,53
ロングシャツワンピース,53
ポリウレタン,53
モチベーション,53
ノース,53
バー,53
グラミチ,53
アルバイト,53
ソロ,53
エリオット,53
シー,53
ジャケパンコーデ,53
テクスチャー,53
コーディネートユニクロコーデ,52
グレーワンピースコーデ,52
テーラードジャケットコーデ,52
ハッ,52
スミス,52
マスコミ,52
ジメジメ,52
ニットワンピースコーデ,52
ピンクシャツコーデ,52
トップファッションシューズシューズコーデ,52
ティナ,52
アイリーン,52
セーターコーデ,52
ミルキーピンク,52
チェックシャツコーデ,52
ドゥロワー,52
ベージュトレンチコート,52
レア,52
マウンテンパーカ,52
ネイビーニットコーデ,52
ツヤブラウス,52
カリテ,52
タートルネックコーデ,52
ネルシャツ,52
ネイビーシャツコーデ,52
タオル,52
グレーニットコーデ,52
ファーコート,52
リラクシージャケット,52
イエローニット,52
パーカー・フーディー,52
クロエ,52
カーキシャツコーデ,52
チュールスカート,52
ニットワンピコーデ,52
シフォン,51
モットー,51
ピンクスカート,51
アトモス,51
バージョン,51
ラバー,51
スタンスミス,51
ソリッド,51
ヤセ,51
オーシャントリコ,51
ズバリ,51
アームホール,51
フェミニンスタイル,51
ネイビーブラウス,51
ホント,51
バンダナ,51
メンス,51
ストリートファッション,51
ポジティブ,51
ツインニット,51
ルー,51
イアナ,51
ケイト・スペード,51
オールガイド,51
イネス,51
ストレートパンツ,51
ウエストコンシャス,51
ライラック,50
ライナー,50
ストレッチブーツ,50
サニーレーベル,50
コーディネイト,50
ハイゲージ,50
サブバッグ,50
フルレングス,50
アンダー,50
ドゥーズィエム,50
オールネイビー,50
マリア,50
バランスコーデ,50
プチプラコーデ,50
ローテクスニーカー,50
ミニワンピ,50
アイビー,50
レイヤート,50
キャミソールワンピース,50
トートバッグカタログ,50
サイドゴアブーツ,50
クマ,50
ブラウンカラー,50
シェル,50
ベージュブラウス,50
コットンレース,50
エイチ,50
ビームスライツ,49
ブルゾンコーデ,49
スタンドカラーシャツ,49
リブレギンス,49
ダメージデニム,49
シルバージュエリー,49
リネンジャケット,49
ステディブランド,49
バッグコーデ,49
ドローコード,49
リラックススタイル,49
オフショット,49
ハイクオリティ,49
ジョン,49
クーポン,49
ウェザーウェア,49
マート,49
ニットキャップ,49
アンスクリア,49
アシメ,49
エアリー,49
ストッキング,49
フラワー,49
ライトベージュ,49
アバハウス,49
ラグ,49
ギア,49
モノグラム,49
アイネックス,48
ダイソー,48
ライダースジャケットコーデ,48
ミラオーウェン,48
レンガ,48
デニムスカートコーデ,48
スモーキーカラー,48
ハイウエストスカート,48
ギンガムチェックシャツ,48
ランク,48
ヒョウ,48
ライニング,48
ルージュ,48
レッスン,48
ヴァンドームヤマダ,48
モードカジュアル,48
バレンタイン,48
ステュディオス,48
バンドカラー,48
シックカラー,48
ネイビーカーディガン,48
ヴィオラドーロ,48
カーキジャケットコーデ,48
ターコイズ,48
ガンガン,48
セレブファッション,48
ボリュームスリーブ,48
ジャミレイ,48
スモーキー,48
ヴァッツ,48
ブランドニュース,48
アーム,48
ラスト,48
デイリーユース,48
トータル,48
ゼロ,48
ジャケ,48
リアルボイス,48
ジャストフィット,48
トップファッショントップス,48
ノースリーブワンピース,48
ボウタイ,47
エフォートレス,47
フレンチスリーブ,47
オフショルダー,47
ワンハンドル,47
オールマイティ,47
エターナル,47
スペイン,47
サファリ,47
アーバン,47
グッド,47
ビーチサンダル,47
ニーハイブーツ,47
コートコーデ,47
カバン,47
スタイルブック,47
ベルベット,47
ワンハンドルバッグ,47
トレンドキーワード,47
スポーツミックス,47
システム,47
ヘアアクセ,47
アイドル,47
レザースカート,47
アコモデ,47
クラスアップ,47
ターバン,47
ケルティ,47
シリコン,47
カモフラ,47
アリガインターナショナル,47
フォークロア,47
レシピ,47
ノースリーブカットソー,47
ビズスタイル,47
ディスプレイ,46
センチ,46
クロノグラフ,46
ミッドソール,46
カットオフ,46
ウォッシャブル,46
グランカスケード,46
アーバンドック,46
マルコ,46
ギュッ,46
イエローゴールド,46
キャミワンヒ,46
オフショルトップス,46
ビッグシャツ,46
レフ,46
サイズダウン,46
タッセル,46
モードスタイル,46
フェチ,46
プレス・,46
ストーリー,46
ボタニカル,46
ストリートテイスト,46
ブラックドレス,46
ローラ,46
カーフ,46
メンズファッション・ライフスタイル,46
リューズ,46
レインウェア,46
カードケース,46
グリーンニット,46
ワークアウト,46
アドバイス,46
ダブルエー,46
キチン,45
ランチデート,45
イント,45
ベイ・ジニー,45
パート,45
サンドベージュ,45
エキップモン,45
モノクロ,45
スタージュエリー,45
ホンモノ,45
ラグランスリーブ,45
ボディー,45
プラダ,45
サッカー,45
マロニエゲート,45
レザーバッグ,45
ペタンコ,45
ホール,45
シンプルニット,45
ヴァジック,45
ヘアカタ,44
ペアルック,44
グレーカセット,44
スポーティコーデ,44
インチ,44
リメイク,44
サファリジャケット,44
ゴコロ,44
カスタマーサービスセンター,44
オンスタイル,44
コーディネートスカートスカートコーデ,44
グローブ,44
ピーコートコーデ,44
カードポケット,44
カジュアルコーデコーディネート,44
ペットボトル,44
ワイドストレートパンツ,44
ビール,44
ネイビースカート,44
エスケーパーズ,44
チェスターコートコーデ,44
カーキブルゾンコーデ,44
クリーム,44
ホワイトオフィス,44
エレガントファッション,44
サラサラ,44
セルジオ,44
ピック,44
カラーズ,44
ロゴスニーカー,44
ィネート,44
スウェーデン,44
ヌーディー,44
バーニーズ,44
ディアナ,44
ライク,44
シンプルトップス,44
サードオフィス,44
ユニット,44
ピン,44
ローゲージ,44
ロンバルディ,44
ギリギリ,44
アングローバル,44
グロッセ,44
フェミニンブランド,44
ウノアエレ,44
ノースリ,44
スウェットパーカー,44
ランクイン,44
イメトレ,44
マキシワンピース,44
ヲタ,44
トップファッションコーディネートカジュアルコーデ,44
ベルトループ,44
ファッションページ,44
インターネット,44
ハーフスイートカジュアル,44
コピ,44
モカブラウン,44
ワダ,44
オフィスカジュアルコーデ,44
ソウシ,44
ピクニック,44
シアーシャツ,44
レインコート,43
カジュアルファッション,43
ドルマンスリーブ,43
ローヒール,43
バケツ,43
ブラウンワンピ,43
マッチング,43
インポート,43
スケーター,43
ラコステ,43
ミラノ,43
ドットスカート,43
オリーブグリーン,43
カットソーワンピ,43
マスタード,43
ルイール,43
ワントーンスタイル,43
ファクトリー,43
アロン,43
チラリ,43
トーキョー,43
ロングネックレス,43
アシスト,43
ベストアイテム,43
カバーガール,43
ワークパンツ,43
バケットハット,43
ロンク,43
ペンシルスカート,43
サイドベンツ,43
ビニール,42
グランカスケードインク,42
ビリティス,42
スラリ,42
エコレザーアイテム,42
メール,42
スマホケース,42
ラーメン,42
パック,42
スタイルアッフ,42
クリアバッグ,42
モスグリーン,42
ロイヤルブルー,42
シャツスタイル,42
ィカ,42
ナリフリ,42
リブニットワンピース,42
オンス,42
ダブルボタン,42
プレート,42
ネタ,42
モスコット,42
ステンレススチール,42
ネットショッピング,42
エア,42
ラウス,42
ストーン,42
マミアン,42
テッパン,41
プチプラファッション,41
ビーズ,41
セントジェームス,41
シャギー,41
メニュー,41
カモフラージュ,41
リビング,41
カッコイイ,41
シミラールック,41
アクアスキュータム,41
キース,41
ホワイトデニム,41
ベル,41
レビュー,41
フィルター,41
スペルガ,41
エーピー,41
シュガー・マトリックス,41
ハンサムレディ,41
リーミルズ,41
ダメ,41
クラッシュデニム,41
アウトドアテイスト,41
ビビッドピンク,41
ボリュームスカート,41
ディッキーズ,41
ガウチョパンツ,41
バンドカラーシャツ,41
エスケープ,41
データ,41
ボヘミアン,41
スノーピーク,41
エージェンシー,41
タブレット,41
バンド,41
ルーム,41
サマンサベガ,41
レースワンピース,41
カジ,41
ダークネイビー,41
ブラウンシャツ,40
オフィシャル,40
シジェーム,40
オルセット,40
ハンパ,40
ルト,40
ベージュカーディガン,40
ゴールドカラー,40
エスケーパーズオンライン,40
プチプラアイテムコーデ,40
パッカブル,40
レジャー,40
リブカーディガン,40
マストハブアイテム,40
ライトグリーン,40
ヘビー,40
レー,40
ピッピシック,40
プール,40
アンセム,40
ハンサムジャケット,40
ユーズド,40
デンマーク,40
コールムーン,40
デニムアイテム,40
アシメトリー,40
トップファッションカラーコーディネート,40
メラキ,40
イニシャル,40
ガラス,40
アウトフィッターズ,40
コーディネートシューズシューズコーデ,40
ギンザ,40
オリエンタルトラフィック,40
ミックスコーデ,40
ミラネーゼ,40
ビタミンカラー,40
ポチッ,40
カーキジャケット,40
マシュマロ,40
カーテ,40
センセズ,40
ワイト,40
クローズアップ,40
ガラリ,40
ジー,40
シグネチャー,40
ファッションコラム,40
ココディール,40
ドローイング,40
ベージュタイトスカート,40
ウェブ,40
ストゥディオ,40
マスタードカラー,40
ギンガム,39
タウン,39
クロップドデニム,39
オーバーサイズジャケット,39
イラストレーター,39
モヘア,39
ヒップライン,39
プッシュ,39
アニバーサリーイヤー,39
ベタ,39
ヘアカタログ,39
テープ,39
ガンヒョン,39
クライミングパンツ,39
コケティッシュ,39
タピオカ,39
ジージャン,39
マキシワンピ,39
イエマ,39
フリン,39
シンプルモード,39
ジーユー,39
ヒールサンダル,39
ジャンヌ・ダマス,39
ストラ,39
ウォレット,39
サイン,39
クルーネックニット,39
ゴールドアクセ,39
エドウイン・カスタマーサービス,39
アメリカンホリック,39
スムースレザー,38
ピスタチオカラー,38
スホ,38
ミニマリスト,38
バーガンディ,38
エーディーエスアール,38
モッズコート,38
ハロウィン,38
フィロソフィー,38
ニュアンスカラーワンピ,38
ムラ,38
ワンランクアップ,38
ロングスリーブ,38
ファリス,38
ウッド,38
ショートハ,38
ヘルシーコーデ,38
エイジング,38
シャーリング,38
ライダーズ,38
レザーベルト,38
キーカラー,38
ィンテーシ,38
パラブーツ,38
セント,38
ノスタルジア,38
デニール,38
アルファ,38
ライズ,38
グロッセ・ジャパン,38
モノトーンカラー,38
ユニバーサルランゲージ,38
スカー,38
ウールニット,38
コンビニ,38
コース,38
スーパースター,38
ブルーグレー,38
ベージュトーン,38
レモンイエロー,38
ワンピーススタイル,38
コーナー,38
リンク・セオリー・ジャパン,38
ビリティス・ディセッタン,37
コモノ,37
ピタ,37
グレースカート,37
アラフォー,37
ンス,37
カレント,37
スーパー,37
クライド,37
キャンバストート,37
リモート,37
マイルール,37
ダーツ,37
オフォスカジュアル,37
ハズシ,37
ジュエッテ,37
パーマ,37
ベネトン,37
カジュアルトップス,37
ホリデーシーズン,37
イメチェン,37
メイド,37
パース,37
ポートランド,37
マン,37
アレ,37
ランバン,37
レナウン,37
グーコミューン,37
ドットブラウス,37
ドライブデート,37
ステディ,37
ブラシ,37
ティースクエア,37
スキニーデニムパンツ,37
バーバリー,37
エクスチェンジ,37
プルミエール,37
リネンスカート,37
チャオパニック,37
コシ,37
パルコ,37
ボリュームブラウス,37
クロス,36
シルバーバッグ,36
シュース,36
フツー,36
キーアイテム,36
スタ,36
フレグランス,36
キャンパー,36
カデュネ,36
レーベル,36
アイディア,36
シルバーアクセブランド,36
コロンビア,36
ダイヤル,36
カラーパレット,36
エイチエムエスウォッチストア,36
コーデュラナイロン,36
エナメル,36
ネイビートップス,36
ニーハイ,36
グレータイトスカート,36
ボトル,36
コーディネートプチプラワードローブ,36
バミューダパンツ,36
チケット,36
ウォーム,36
ジェニックコーデ,36
カシミアニット,36
ワンショルダー,36
バリ,36
ブラウントーン,36
オオサカ,36
ミリタリーシャツ,36
ッグ,36
オンラインショッピング,36
コーディネートワンピースワンピースコーデ,36
ラギッド,36
ジェイドグリーン,36
ブルーニット,36
サーバー,36
タビオ,36
タラントン,36
マユ,36
オタク,36
ディティール,36
フライトジャケット,36
ラインコーデ,36
チャールズ,36
ステラ,36
ドライベージュ,36
オーストラリア,36
プレスポート,36
モックネック,36
バランスアップ,36
ミンク,36
ブルーパンツ,36
プロポ,36
ブルースカート,36
プロポデザイン,36
カーデイチ,36
アディダスオリジナルス,36
ルクア,36
スムース,36
フレキシブル,36
ニュートラル,36
ベンチレーション,36
アメカジコーデ,35
ルシュカ・シ,35
ショー,35
ブカブカ,35
ビジネスシューズ,35
ラクチン,35
パールネックレス,35
ガラケー,35
フルーツ,35
フィールド,35
バレ,35
ハイウエストボトムス,35
ニューエラ,35
フレイ,35
カラーワンピ,35
ジョイナス,35
ベーシックスタイル,35
フリーランスエディター,35
トレンドスタイル,35
ローフ,35
タッグ,35
カーディガンコーデ,35
パソコン・スマートフォン,35
スタンドカラーブラウス,35
マウジー,35
ローズ,35
バッグブランド,35
ピュア,35
エコファーコート,35
ボストン,35
サーファー,35
レングス,35
マルチカラー,35
ビビットカラー,35
チェ,35
オーガニック,35
シボ,35
ニットキャミソール,35
ブラウジング,35
フィーチャーフォン,35
コーチ・カスタマーサービス・ジャパン,35
ディーゼル,35
スティル,35
パケット,35
フェイクレザー,35
ジャック,35
リネンブレンド,34
イエローカーディガン,34
ベージュワントーン,34
スタディ,34
コイン,34
オリジナルブランド,34
フロントボタン,34
レースタイト,34
トラディショナルウェザーウェア,34
スプリングコート,34
ケービーエフ,34
ケンゴ,34
ニューヨーカー,34
スウェットデニム,34
ティッカ,34
キリ,34
ビーズバッグ,34
レイアウト,34
ウワサ,34
キャッシュレス,34
フラットパンプス,34
クロージング,34
マリンスタイル,34
ニットポロ,34
ボタンダウンシャツ,34
ジャパンメイド,34
プロスペックス,34
ビンテージ,34
ネイビーカラー,34
メリハリシルエット,34
エコ,34
エレメ,34
リフ,34
リピ,34
ブラクトメント,34
インディゴブルー,34
ジャケットセットアップ,34
パソコン,34
プレゼントページ,34
ミディアム,34
スニーカーマニア,34
タン,34
トーンコーデ,34
ゾーン,34
ファクター,34
コードバン,34
ダブルフェイス,34
ベリー,34
アンデミュウ,34
ハンモック,34
ダボ,34
ピタッ,34
ポンチョ,33
リネンライク,33
アッフ,33
ロケ,33
リバイバル,33
シャツレイヤード,33
ストリートブランド,33
ラッピンノット,33
リゾートスタイル,33
グッドサンプル,33
レセ,33
レインブーツ,33
コクーンシティ,33
アクセス,33
ウツミサオリ,33
ステージ,33
ペチコート,33
ムートン,33
シトラス,33
ヴァレンティノ,33
トップクラス,33
ハワイアナス,33
ボルドーカラー,33
ナイロンパーカー,33
ブーティ,33
トリミング,33
フック,33
フォーム,33
スマイル,33
オススメアイテム,33
スポーツシーン,33
アスレジャーコーデ,33
エラ,33
ラベル,33
ジャーニー,33
ライトアウター,33
ベストセラー,33
ヴィンテージショップ,33
プラスチック,33
ロングセラー,33
クロコ,33
プログラム,33
ビビット,33
ガンクラブチェック,33
ワンショル,33
ボトルネック,33
スイムウェア,33
スッ,33
トレンドスニーカー,32
ブラウントップス,32
シャーウッド,32
ユニクロ・,32
ノーリーズソフィー,32
ィール,32
トートバッグコーデ,32
ソックスコーデ,32
ハイウエストワイドパンツ,32
ブランドアイコン,32
ピタピタ,32
グレーコート,32
ラルフローレン,32
ブリックカラー,32
リフレイン,32
プリュイ,32
ネイビーベース,32
グランツリー,32
スモールセコンド,32
ドアーズ,32
クルーズ,32
ファッショナブル,32
ベーシックコーデ,32
トゥーマッチ,32
アークテリクス,32
デイトナ・インターナショナル,32
コラボレーションアイテム,32
コーディネートプチプラユニクロコーデワードローブ,32
ロングタイト,32
プロデューサー,32
サーマル,32
ブルーブラウス,32
エルベ,32
テバ,32
カーキパンツコーデ,32
セパレート,32
ニットパーカ,32
トップファッションスカートスカートコーデ,32
カラートーン,32
オーガンジー,32
リーミルズエージェンシー,32
アラン,32
グレゴリー,32
エー・ヴィー・マックス,32
アパレルスタッフ,32
エンフォルド,32
コーデコーディネートワンピースワンピースコーデ,32
ハッシュタグ,32
ラ・シ,32
ロングカーディガンコーデ,32
ダイヤ,32
ベイカーパンツ,32
トップファッションワンピースワンピースコーデ,32
ベージュシャツワンピース,32
カーキブルゾン,32
ミニスカコーデ,32
アデル,32
ニットタイト,32
ラバーソール,32
プレミアム,32
シャプリエ,32
ベージュプリーツスカート,32
オーディション,32
ラップワンピース,32
ツイードジャケット,32
ビズシーン,32
プライバシー,32
レースアップブーツ,31
デザインバリエーション,31
スリムパンツ,31
ダントン,31
カラーコーディネート,31
デザイントップス,31
ワイシャツ,31
クールマックス,31
オーバーオール,31
コーデベスト,31
カジュアルテイスト,31
メンズパーマ,31
ラティス,31
ダークカラーコーデ,31
メンズシャツ,31
ドロスト,31
レースタイトスカート,31
モテハンドクリー,31
ガジェット,31
ホワイトパンツ,31
ショット,31
バレリーナシューズ,31
ワイヤー,31
スヌード,31
ワークウェアスーツ,31
マットブラック,31
フィッティング,31
ポインテッドトゥパンプス,31
パンツセットアップ,31
スイムウエア,31
ゴージャス,31
イエロースカート,31
コミ,31
ハイライズデニム,31
カラーブロック,31
オーハ,31
パイル,31
リピーター,31
ワークウェア,31
ジェーン,31
マイブーム,31
シンプルカジュアル,31
グッドバランス,31
ノンワイヤー,31
デニムワイドパンツ,31
メリノウール,31
ボール,31
レギパン,31
ボーイフレンドデニム,31
ピンクゴールド,31
パリシック,31
チューニング,31
ゼブラ,31
ダントツ,31
プレッピー,31
トフ,31
マテリアル,30
シャンプー,30
ピース,30
プラットフォームシューズ,30
エアマックス,30
ホームファッショントレンド,30
アタ,30
バズ,30
シャポード,30
ディアモール,30
カモ,30
オマージュ,30
インド,30
スコットランド,30
ペールピンク,30
ニットトップス,30
ジャンコーデ,30
ドウシシャ,30
スニーカーブーム,30
ノベルティ,30
スラ,30
レジ,30
ソワリー,30
ポップアップ,30
スーツケース,30
カラーワンピース,30
フレアデニムパンツ,30
ボリュームシルエット,30
トラブル・,30
ベグ,30
パープルブラウス,30
セットアッフ,30
ケンカ,30
デスク,30
ヘリンボーン,30
ギャル,30
ジップポケット,30
フォーティーン,30
トレンドファッション,30
パーマスタイル,30
カナダ,30
バックシャンアイテム,30
ブレンヘイム,30
ツバ,30
ボンディング,30
イイモノ,30
フレアスリーブ,30
フィラ,30
コーデュロイスカート,30
ホテルランチ,30
モディファイ,30
ニットアイテム,30
レイヤードプリーツキャミ,30
ティアード,30
アイディー,30
ドレスシューズ,30
ネイビースーツ,30
コーチジャケット,30
ロレックス,30
カラーアウター,30
アンクルパンツ,30
ルシュカ,30
ソフトウェア・ハードウェア,29
タイドアップ,29
フラップポケット,29
ジェラピケ,29
ユニクロアイテム,29
ショップリスト,29
パールボタン,29
ネイビーストライプ,29
イージーケア,29
サプライズ,29
ビニールバッグ,29
フレンチスタイル,29
スポーツスタイル,29
スキニーシルエット,29
ウエストバッグ,29
ムーンスター,29
パワーアップ,29
リーバイ・ストラウス,29
スペシャルコラボ,29
ダンス,29
レッド・ウィング,29
カドー,29
ヨシオクボ,29
ネックカーデ,29
スカ,29
クリエイティブディレクター,29
ジミ,29
ロングジレ,29
ポルノ,29
ノースリーブブラウス,29
リアルクローズ,29
ジュエリーブランド,29
リアルコーデ,29
ファッションアイコン,29
ビジョン,29
トング,29
レス,29
グレーカラー,29
ヒロシ,29
クリップ,29
スカーフアレンジ,29
パッチ,29
クライアントサービス,29
サイトポリシー,29
ローゲージニット,29
ソロキャンプ,29
ヨキ,29
リース,29
カーブパンツ,29
ストライプシャツワンピース,29
フリルブラウス,29
コーデュロイアイテム,29
ダスティピンク,29
ネコ,29
シリコンストラップ,29
アンクルストラップ,29
ショールカラー,29
スクエアフォルム,29
スイングトップ,29
レザーライダース,29
ポニーテール,29
マリンコーデ,29
カーフレザー,29
ステンカラー,29
ブルージーンズ,29
フラッグシップモデル,29
パワー,29
リーン,29
レスレット,29
パパラッチ,29
シャワー,28
パンツ・スカートコーデ,28
リーディングブランド,28
ロングフレア,28
シルクニット,28
ブルーサンダル,28
アース,28
リード,28
インスタグラムアカウント,28
コーディネートジャケットジャケットコーデ,28
ミニマルデザイン,28
クト,28
グレーブラウス,28
スウェットトップス,28
ロングフレアスカート,28
ピエール,28
グレーニットスカート,28
ムレ,28
オンラインサイト,28
エディター・,28
ネックセーター,28
コーディネートパンツパンツコーデ,28
スニーカースタイル,28
ブルース,28
トップファッションワンピース,28
マイストラーダ,28
リント,28
レセプションパーティ,28
プエブコ,28
オンタイム,28
ミニボトムス,28
ボアジャケット,28
ウエストライン,28
サート,28
トップファッションパンツパンツコーデ,28
ライダーゼロワン,28
ウキウキ,28
ワコール,28
アメトラ,28
プチプラアイテム,28
ファーサンダル,28
ケン,28
パフォーマンス,28
ネイビーフレアスカート,28
ミラー,28
アン,28
スフレヤーン,28
ペアグッズ,28
ブロンドール,28
ベッド,28
プレッド,28
イタ,28
リラックスシルエット,28
ルーカス,28
クリック,28
ガスビジュー,28
カゴ,28
ロードストーン,28
パープルパンプス,28
アラサースタイリスト,28
ファイブフォックス,28
ヴァンサン,28
モノクロフォト,28
ブルーコーデ,28
トッズ,28
ミラリ,28
イトウ,28
ストレッチデニム,28
ブリーフィング,28
グリーンパンツ,28
デイト,28
デイリークローズ,28
トレンチレイヤード,28
ボクシー,28
カットパンプス,28
ダニエル・ウェリントン,28
グレーカットソー,28
リネンパーカー,28
ダッフル,28
ニットレイヤード,28
ブリッジ,28
アウター・,28
シチズン,28
カッチリ,28
カレンテージ,28
スウェードスカート,28
タコ,28
キッズスニーカー,28
インディゴジャケット,28
トーンアップ,28
スイート,28
ベロアスカート,28
ボーイズライク,28
リミテッド,28
ベリーピンク,28
シームレス,28
アーハ,28
ノースリーブトップス,28
ボッシュ,28
ハンカチ,27
ロマンチック,27
ホームファッションネット,27
サーモンピンク,27
アレコレ,27
デイパック,27
グンゼ,27
ヴィラ,27
ブランケット,27
キッチュ,27
ラフィア,27
オフィスシーン,27
オーバーサイズシャツ,27
ダイレクトメッセージ,27
ロングプリーツスカート,27
スター,27
フリーク,27
ブラックカラー,27
コーデチャレンジ,27
ステラハリウッド,27
エッシ,27
ユーモア,27
オレンジニット,27
ダブルフェイスコート,27
トリック,27
ネイティブ,27
バックストラップ,27
トムウッド,27
ハイネックカットソー,27
オールラウンダー,27
マルシェ,27
ピンクカーディガン,27
アメリカン,27
ミスマッチ,27
カーキニット,27
コスハ,27
ローレン,27
ティーケータケオキクチ,27
カラー・デザイン,27
カール,27
アルディ,27
フユミ,27
ウールパンツ,27
オックスフォードシューズ,27
イネスコラボ,27
マストバイアイテム,27
チェックコート,27
デメリット,27
シュータン,27
チタン,27
ビシッ,27
ブラックワンピース,27
レースワンピ,27
ジェイコブス,27
スヌーピー,27
ラッキー,27
プロスケーター,27
フェンディ,27
アイコンバッグ,27
カジュアルシーン,27
バイヤー,27
ヘリテージ,27
ギャザーブラウス,27
ローテク,27
スモール,27
ストラディバリウス,27
スウェットプルオーバー,27
ブラジャー,27
ストライプブラウス,27
シーバイクロエ,27
レミレリーフ,27
デジタルウォッチ,27
ンリサーチ,27
ハイゲージニット,27
フェア,27
ウェリントン,27
ブレザー,27
キャンバススニーカー,27
ラサ,27
スポーティスタイル,27
シルキー,27
ビオトープ,27
ペン,26
テキトー,26
ギャザースカート,26
シティ,26
フリンジトップス,26
ストリートカジュアル,26
フレアワンピース,26
ブランドネーム,26
ブランドスニーカー,26
バトナー,26
カーキワンピ,26
エントリーモデル,26
テディベア,26
レザーアイテム,26
ナイロンジャケット,26
シバタロウ,26
スヘ,26
イッキ,26
ハイウエストボトム,26
ピカイチ,26
ホワイトジーンズ,26
ティアードワンピース,26
イロチ,26
ディズニー,26
ステイホーム,26
ガーリースタイル,26
シアートップス,26
ツール,26
スエードパンプス,26
ハリウッド,26
スウェットコーデ,26
デッカーズジャパン,26
ペンダント,26
シンプルコーディネート,26
パワフル,26
リンクス,26
ランウェイ,26
メールアドレス,26
グレースーツ,26
ラック,26
カワ,26
カシュクールワンピース,26
ハイヒール,26
エディション,26
コーデランキング,26
ロゴマーク,26
ショーパンコーデ,26
エンボス,26
アダストリアカスタマーサービス,26
ノリ,26
スクランブルスクエア,26
コーエン,26
ピンクブラウン,26
イルミネーション,26
テスト,26
ベルシュカ・ジャパンカスタマーサービス,26
アナログ,26
フェイクレザースカート,26
オックスフォード,26
レザーパンツ,26
ノスタルジック,26
カスタマー,26
インフルエンサー・,26
サドル,26
アイ,26
ダブルブレスト,26
シアーニット,26
キー,26
セシール,26
トレーニングウェア,26
タイム,26
ハイウエストデザイン,26
バケツバッグ,26
シアサッカー,26
ファーデニム,26
スタイルミキサー,26
ドライタッチ,25
メダ,25
シャンブレー,25
エスパドリーユ,25
ヴィンテージテイスト,25
シミ,25
オリジナリティ,25
ベースボールキャップ,25
アイスグレー,25
シンプルベーシック,25
インディゴカラー,25
ガツン,25
ウォール,25
エリザベス,25
スクエアショルダーバッグ,25
サニー,25
トングサンダル,25
レギュラーモデル,25
チェーンネックレス,25
ストライプパンツ,25
ボヤージュ,25
フロア,25
サマンサタバサプチチョイスプラス,25
ホワイトレーベル,25
ィハ,25
スト,25
シルクスカーフ,25
ニューモデル,25
トップスイン,25
グレートップス,25
チャッカブーツ,25
エコファーバッグ,25
ショートヘア,25
レテ,25
デザインソース,25
ボリュームトップス,25
バッ,25
アイシャドウ,25
ダウンロード,25
メソ,25
リピート,25
タータンチェック,25
ショートダウン,25
シルクシャツ,25
ゴールド・シルバーリング,25
サンド,25
ファッション・ビューティ・,25
リエ,25
タンス,25
スリッポンタイプ,25
チアフル,25
トップモデル,25
プロフェッショナル,25
バインダーネック,25
リジッドデニム,25
アウトドアスタイル,25
オススメコーデ,25
フランネル,25
ロングスパン,25
リブカットソー,25
アヒ,25
カッフ,25
スペックアップ,25
デニムカジュアル,25
トゥモローランド,25
コットンタンク,25
パールピアス,25
アゲ,25
オレンジカラー,25
イネス・ド・ラ・フレサンジュ,25
ミーハー,25
バンヤードストーム,25
エコレザーパンツ,25
ベルテッドコート,25
レベッカミンコフ,25
トム,25
ショッパー,25
コートスタイル,25
ハイブリッジインターナショナル,24
ポインテッド,24
グレーセーターコーデ,24
リッチカジュアル,24
パブリックトウキョウ,24
スケートハイ,24
グレンチェックコート,24
サロペットコーデ,24
フィッシュテール,24
ファッショントレンド,24
カシミアストール,24
ペアリング,24
スクエアネック,24
センシュアルコーデ,24
アディダススニーカー,24
ワッペン,24
ミントニット,24
シングルボタン,24
コンセプトショップ,24
レサ,24
トップファッションパンツデニムパンツコーデ,24
イーグルリテイリング,24
アスリート,24
アクティビティ,24
ハードウェア,24
ウエストシェイプ,24
レザーブーツ,24
オーバーサイズトップス,24
ゴールドウイン,24
ピンクジャケット,24
トリコロール,24
ヤツ,24
シミラー,24
ベージュフレアスカート,24
ニットカーディガンコーデ,24
フリンジバッグ,24
ブラウンワイドパンツ,24
ズバッ,24
アップデ,24
ステッカー,24
カーキブラウン,24
ポップアップストア,24
マスカラ,24
アウトドアプロダクツ,24
イエローカーデ,24
ムダ,24
ピラミッド,24
アンビリオン,24
スリッパローファー,24
リブスカート,24
マーキング,24
マウンパ,24
テキスタイル,24
ヘルシーメイク,24
フィオレッリ,24
オリジナルデザイン,24
スウェードタッチ,24
コーデカジュアルコーデコーディネートレギュラーモデル,24
センスオフ,24
ワールドクラス,24
アジャスター,24
ベロアトップス,24
キャメルタイトスカート,24
オロビアンコ,24
スリーピージョーンズ,24
ブルーバッグ,24
レイヤードトップス,24
ウエストコンシャスワンピース,24
アウトレット,24
バックリボン,24
コーディネートスカート,24
アイシー,24
アンクルストラップシューズ,24
ロマン,24
ナンバーズ,24
サテンパンツ,24
ジャンルレス,24
ニットブランド,24
モヘアニット,24
ハミルトン,24
アプワイザー・リッシェ,24
トッズ・ジャパン,24
ヘイリー,24
キーホルダー,24
ストリートウェア,24
ミリタリーアイテム,24
グレーブルゾン,24
パーフェクトワンピ,24
スーツブランド,24
エコレザーハーフパンツ,24
トレ,24
トップファッション,24
リコメンド,24
ノルディック,24
サボ,24
カーキシャツワンピース,24
ユキオ・,24
グレーカーディガンコーデ,24
ブラウンタートル,24
アウター・トップス・パンツ,24
シャツブラウス,24
ブラウンカーディガン,24
レイジースーザン,24
カーキチノパン,24
ドッキング,24
ニュアンスカラーアイテム,24
チェックパンプス,24
エルエルビーン,24
バーベキュー,24
ビューティアイコン,24
カラ,24
レディースアウター,24
バナーバレット,24
スケートシーン,24
ニュアンスブルー,24
ライムイエロー,24
ギャルリー・ヴィー,24
ストップウォッチ,24
シャツコーデコーディネートトップス,24
ワイドチノ,24
フィルグ,24
シースルーブラウス,24
ワン・ツーコーデ,24
ビス,24
キャップスタイル,24
デッカーズ,24
チノスカート,24
アダワットトゥアレグ,24
アラフォーファッション,24
オープンカラーシャツ,24
ルフェール,24
ストラップバッグ,24
ラメニット,24
アーセンス,24
ファッションブログ,24
リラックスタイム,24
ネイビートップスコーデ,24
カバーオール,24
スポーティブルゾン,24
ミュラー,24
レイス,24
ミチノ,24
コール,24
トップファッションジャケットジャケットコーデ,24
ハッピーカラー,24
ベビーピンク,24
インストラクター,24
ミルクティー,24
カシュクールブラウス,24
トップグレー,24
ハンガー,24
イエローフレアスカート,24
マークジェイコブス,24
ケイト,24
バイク,24
マドモアゼル,24
ウェーブ,23
ジャパンブランド,23
アップルウォッチ,23
スリーピングバッグ,23
メン,23
ミニボトム,23
ムッシュ,23
アタリ,23
サイドライン,23
メランジ,23
ピンクカラー,23
ハイレベル,23
ヘアスタイルサンプル,23
エディ・スリマン,23
ンフ,23
セルフィー,23
イルカ,23
ヌメ,23
ダウンパンツ,23
トリ,23
スポーティカジュアル,23
アルス,23
ベイジニー,23
カラーパンプス,23
ワッフルプリント,23
ワークブーツ,23
スポーティアイテム,23
アウドドア,23
テクノロジ,23
グレートーン,23
ブランドコラボ,23
レディスタイル,23
ペアモデル,23
リアルレザー,23
スチール,23
ピザ,23
ビギナー,23
デコルテライン,23
マウンテンダウンジャケット,23
スタディスパン,23
オリエンタル,23
スタイルアップコーデ,23
ハイキング,23
ロゴスウェット,23
リクエスト,23
サマーセール,23
ノースリトップス,23
セミフレア,23
トピックス,23
バルーン,23
ハーフ,23
ホワイトデー,23
オックスフォードシャツ,23
アラミド,23
デザインニット,23
エコレザースカート,23
ヒットアイテム,23
リブタンクトップ,23
ライフ,23
キーリング,23
ロー,23
ディテールワーク,23
デカ,23
バーバー,23
アンダーソンコラボ,23
フカザワ,23
ココシュニックオンキッチュ,23
ハイライズスキニーアンクルジーンズ,23
スマッシュヒット,23
エポックメイキング,23
パッキング,23
グランドステージ,23
リュ,23
ソックスブーツ,23
ジッパー,23
パーカコーデ,23
クラフト,23
ヒゲ,23
リベット,23
ファッションショー,23
マイナス,23
プリントワンピ,23
ワガママ,23
オマケ,23
バーバースタイル,23
グリーンレーベルリラクシング,23
ティアードワンピ,23
サマースタイル,23
リサイクルナイロン,23
ウリ,23
チョコブラウン,23
ピーチ,23
トークショー,23
キルトスカート,23
ウサギオンライン,22
ホカ,22
クターマーチン,22
ターコイズブルー,22
オーロラダウンジャケット,22
ムートンジャケット,22
ランゲージ,22
チーフ,22
ウルトラストレッチジーンズ,22
ホワイトカラー,22
ファーストダイバーズ,22
ヘビロテアイテム,22
オーバーニット,22
セールアイテム,22
コラボアウター,22
ヴィンテージウォッチファン,22
ダイヤシールド,22
フラットシュース,22
エトレトウキョウ,22
メンズニット,22
ワンウォッシュ,22
フリーダイヤル,22
ユニクロオンラインストア,22
ファーファー,22
クラブ,22
タイムタイム,22
ヘアワックス,22
シンプルワンピ,22
リー・ジャパン,22
ッフ,22
ペアスニーカー,22
フットストック,22
ギミック,22
ランダムプリーツ,22
コラホ,22
ンタ,22
デミルクスビームス,22
ツアー,22
モンベル,22
クリーニング,22
エネルギー,22
アメリカンカジュアル,22
ラミー,22
リネンパンツ,22
ラベンダーニット,22
アイス,22
スタジャン,22
スメドレー,22
メイソン,22
ルージュディアマン,22
フレッドペリー,22
ツートーン,22
フレデリック・コンスタント,22
ワークシャツ,22
セレクトアイテム,22
リリス,22
ブース,22
ギネス,22
ツイル,22
カフス,22
クラッシュ,22
メジャー,22
ジェット,22
リッフ,22
スリーストライプス,22
ジャンプスーツ,22
ミーティング,22
オペラ,22
レザーサンダル,22
ホムパ,22
スピンズ,22
ツイッター,22
バラエティ,22
シティショップ,22
ニットアンサンブル,22
グレーパーカー,22
ロングアウター,22
フェミニンワンピ,22
タキビダウンジャケット,22
パット,22
セミワイド,22
ドラ,22
ノースフェイス,22
クロスオーバー,22
バロックパール,22
メタルパーツ,22
ブーティー,22
フェイクファー,22
アーティストコラボ,22
マリンブルー,22
サーフカルチャー,22
オネオネ,22
プリーク,22
サイクリング,22
ニーカー,22
ウィメン,22
スキッパー,22
ニットレギンス,22
ワインレッド,22
リラックスカジュアル,22
シフォンプリーツロングスカート,22
バックステージ,22
オーロラダウン,22
アパレルライン,22
デサントジャパン,22
ロングブーツコーデ,22
ハンサムスタイル,22
イヘ,22
コンサバスタイル,22
セットリング,22
メンズライン,22
ヘアチェンジ,22
ストレートタイプ,22
シンプルモダン,22
シルエットワン,22
カーフスキン,22
ポーリッシュグースダウン,22
セットアップスーツ,22
メゾンイエナ,22
ハイネックブラウス,22
コラボシューズ,22
マシュマロポインテッドパンプス,22
ライトカラー,21
ボリュームスニーカー,21
ミリタリースタイル,21
マロウ,21
ネイビーセットアップ,21
パネル,21
チョイ,21
ビズコーデ,21
ボーダーコーデ,21
フープ,21
シーズンレス,21
スマイソン,21
ペプラム,21
フェルト,21
アンゴラ,21
リクスー,21
バスケットボールシューズ,21
キング・オブ・スウェット,21
グローバルワーク,21
イベントコーデ,21
アモスタイル,21
フレアロングスカート,21
アイマスク,21
メカニカルダイバーズ,21
スニ,21
ショルタ,21
リトルシック,21
ハイウエストストレートジーンズ,21
リアルキャンパー,21
スティーブン,21
コスト,21
レリアン,21
ボディケア,21
ペールカラー,21
マシュマロパンプス,21
クリアトートバッグ,21
カラット,21
ヴィトン,21
オーロラテック,21
レトロダイバーズ,21
イルカマーク,21
タピ,21
アレンシ,21
シアーインナー,21
ウエストリボン,21
スピード,21
ニュースタンダード,21
ウォッチメーカー,21
ストレートチップ,21
フォトグラファー,21
オリジナルアイテム,21
ロングパンツ,21
ファビオルスコーニ,21
マグネット,21
ナンバー,21
コットンリネン,21
フェラガモ,21
オーロラライトダウンジャケット,21
ノターロ,21
ターゲット,21
シチズンズ・オブ・ヒューマニティ,21
インナーコーデ,21
ブッテロ,21
サムシング,21
マリンブルーダイヤル,21
フレンチカジュアル,21
スカートパンツ,21
オーロラテックスライト,21
ステーショナリー,21
ドレスシャツ,21
チーク,21
アイテムリスト,21
チンワンピース,21
トークルーム,21
フリルデニムシャツ,21
メモ,21
ワークテイスト,21
イメージソース,21
スポーツファッション,21
ボタンジャケット,21
ウィークポイント,21
オーロラスタンドカラージャケット,21
コクーン,21
エレメントルール,21
ゴールドリング,21
フリルデザイン,21
タートルネックセーター,21
メカニカルハイビートキャリバー,21
ティファニー・アンド・カンパニー・ジャパン・インク,21
ビットローファー,21
トレードマーク,21
デニムショーパン,21
ヒモ,21
タイフ,21
アニマルショートブーツ,21
タケオキクチ,21
エバーブリリアントスチール,21
キャメルジャケット,21
トラベル,21
エコムートンコート,21
ジャスティン,21
アップグレード,21
ラウラ,21
フィリング,21
スポーツウエア,21
グレンチェックジャケット,21
ヒロタカ,21
ロス,21
カメイ・プロアクト,21
ロランス,21
バスクシャツ,21
タキビ,21
シャキッ,21
ブラックパンツ,21
サラダ,21
ハイパフォーマンスモデル,21
アンダーウェア,21
アルミニウム,21
ムーンバット,21
ブラジル,21
ファッションスナップ,21
チャコール,20
ビルケンシュトック,20
ロンドンガール,20
ポーズ,20
シルバーアクセサリー,20
ダウンスタイル,20
キャミソールコーデ,20
ジェンダーレス,20
カレ,20
サイズバッグ,20
フワフワ,20
マーケティング,20
レディースポロシャツ,20
ストリア,20
ワート,20
ロテ,20
キャノンクリエーション,20
サントノーレ,20
ダニエラアンドジェマ,20
ワイドチノパンツ,20
ブルージャケット,20
グレータートルニット,20
ミリタリーウォッチ,20
ウォッチコレクション,20
テイストミックス,20
ツッコミ,20
パレスホテル,20
スエードライダースジャケット,20
フラック,20
キャメルニット,20
ベルクロ,20
メンズトラッド,20
トマトレッド,20
カジュアルブランド,20
リボンベルト,20
ニュアンスカラーコーデ,20
ベイビージー,20
フロンターレ,20
ビー,20
コーデカジュアルコーデコーディネートジャケットレギュラーモデル,20
レギュラーモデル・,20
スクエアケース,20
アレンジモデル,20
インスタフィルター,20
ステ,20
モダンブルー,20
モヤモヤ,20
ランクルームウェア,20
スタンス,20
ニュアンストーン,20
アンソニー・ヴァカレロ,20
ドミニク・デナイブ・パリス,20
ベルスリーブ,20
ワンシーズン,20
サン,20
トレンチコーデ,20
ファーマーズマーケット,20
コーディネートシャツ・ブラウスブラウスコーデ,20
メンズモデル,20
グリーンフレアスカート,20
スリッパパンプス,20
レディースシャツ,20
メタリックバングル,20
ニュアンシー,20
ジバンシィ,20
マットトップス,20
カスタマーリレーションズ,20
コットンワンピース,20
サードマガジン,20
ブラウンパンツ,20
ボーイッシュコーデ,20
ジャックパーセル,20
ダークオリーブ,20
アリアナ,20
メンズリネンシャツ,20
ブラン,20
アシメスカート,20
コールマン,20
バックポケット,20
コクーンワンピ,20
マリンテイスト,20
ワイシャツコーデ,20
グローバーオール,20
コーディネートトップス,20
トップファッションワードローブプチプラ,20
ワンタッチ,20
スリットスカート,20
アルクフェニックス,20
スキンケアブランド,20
ヤング,20
ワイドチノパン,20
ミニショルダーバッグ,20
アウター・スニーカー,20
トップファッションコーディネートセットアップコーデ,20
ラクーン,20
ロードス,20
ジェラート,20
ミルスペック,20
ウエスタン,20
ラクラク,20
サマーモノトーン,20
トップファッションニット,20
ブークル,20
カットソーワンピース,20
ベージュセットアップ,20
ヴィオロ,20
カラーストーン,20
ピンクワイドパンツ,20
サイクロ,20
テーラー,20
ボリュームアップ,20
リコピン,20
オッジェンヌ・,20
パスポート,20
ニットバッグ,20
ブルートップス,20
ノーカラーブラウス,20
フォルムセットアップ,20
キャリアプラン,20
トレンドシューズ,20
スリムストレート,20
ダブルブレストジャケット,20
スモーキーブルー,20
カレンダー,20
ドリンク,20
バージョンアップ,20
タンブラー,20
ボーン,20
ニューオープン,20
アイドルグループ,20
スタッフコラム,20
エプロン,20
メッシュポケット,20
センターピンタックパンツ,20
ボルドーパンツ,20
ホーム,20
ロードバイク,20
ロングトレンチコート,20
ランナー,20
パンツニットアップ,20
クッショニング,20
デニム・オン・デニム,20
ニュアンスカラーコート,20
ネイビータイトスカート,20
ループ,20
プラウ,20
コーディガン,20
ミッドタウン,20
ローカットスニーカー,20
リクルートスーツ,20
ウェビングベルト,20
レイヤードスカート,20
サラ,20
パレット,20
パンツスーツ,20
クッションケース,20
ジュエリーアクセサリー・バッグ・,20
チル,20
ホスト,20
エアリズムマスク,20
ダブルテーラード,20
ピンクカーディガンコーデ,20
レースプルオーバー,20
フレディ,20
トップファッションアウターコートコーデ,20
タロンプリュ,20
グリーンワイドパンツ,20
カフ,20
ベージュトーンコーデ,20
アイテムコーディネートワードローブ,20
エンリカ,20
カレッジ,20
グリーンブラウス,20
ビックシルエット,20
ライフスタイルブランド,20
バサ,20
ファイル,20
シアータートル,20
ドロストパンツ,20
ユニ,20
ボリュームシャツ,20
ザ・,20
フェミニン・ラベンダー,20
シロ,20
メンズ・レディース,20
ダッド,20
オールデン,20
アンバランス,20
ボアアウター,20
アシックス,20
バックプリント,20
ルイールコーポレーション,20
ストライプスカート,20
アクセサリーブランド,20
フェミニンシック,20
クールビズ,20
オレンジメイク,20
ブラックベース,20
イベントシーズン,20
コスメブランド,20
ロングニットカーディガン,20
ベージュチノパン,20
